window,TP,FP,FN,precision,recall,f1,latency_sec,num_generated,num_ground_truth
1000,27,0,2,1.0,0.9310344827586207,0.9642857142857143,0.1987760066986084,27,29
1010,20,0,2,1.0,0.9090909090909091,0.9523809523809523,0.1383962631225586,20,22
1020,21,0,2,1.0,0.9130434782608695,0.9545454545454545,0.2053215503692627,21,23
1030,28,0,2,1.0,0.9333333333333333,0.9655172413793104,0.18025684356689453,28,30
1040,27,0,2,1.0,0.9310344827586207,0.9642857142857143,0.1724720001220703,27,29
1050,25,0,2,1.0,0.9259259259259259,0.9615384615384615,0.2760806083679199,25,27
1060,30,0,2,1.0,0.9375,0.967741935483871,0.8653895854949951,30,32
1070,34,0,2,1.0,0.9444444444444444,0.9714285714285714,0.5204243659973145,34,36
1080,27,0,2,1.0,0.9310344827586207,0.9642857142857143,0.4126269817352295,27,29
1090,26,0,2,1.0,0.9285714285714286,0.962962962962963,0.43201160430908203,26,28
1100,24,0,2,1.0,0.9230769230769231,0.9600000000000001,0.3955659866333008,24,26
1110,23,0,2,1.0,0.92,0.9583333333333334,0.4271273612976074,23,25
1120,25,0,2,1.0,0.9259259259259259,0.9615384615384615,0.5888147354125977,25,27
1130,24,0,1,1.0,0.96,0.9795918367346939,0.3863656520843506,24,25
1140,23,0,1,1.0,0.9583333333333334,0.9787234042553191,0.29317665100097656,23,24
1150,22,0,1,1.0,0.9565217391304348,0.9777777777777777,0.28646397590637207,22,23
1160,19,0,1,1.0,0.95,0.9743589743589743,0.25377631187438965,19,20
1170,18,0,1,1.0,0.9473684210526315,0.972972972972973,0.20978832244873047,18,19
1180,16,0,1,1.0,0.9411764705882353,0.9696969696969697,0.22730612754821777,16,17
1190,19,0,1,1.0,0.95,0.9743589743589743,0.34300875663757324,19,20
1200,18,0,1,1.0,0.9473684210526315,0.972972972972973,0.28429126739501953,18,19
1210,22,0,1,1.0,0.9565217391304348,0.9777777777777777,0.33615565299987793,22,23
1220,18,0,1,1.0,0.9473684210526315,0.972972972972973,0.22758054733276367,18,19
1230,14,0,1,1.0,0.9333333333333333,0.9655172413793104,0.17499637603759766,14,15
1240,16,0,1,1.0,0.9411764705882353,0.9696969696969697,0.21588397026062012,16,17
1250,16,0,1,1.0,0.9411764705882353,0.9696969696969697,0.18885231018066406,16,17
1260,17,0,1,1.0,0.9444444444444444,0.9714285714285714,0.22249817848205566,17,18
1270,16,0,1,1.0,0.9411764705882353,0.9696969696969697,0.21899628639221191,16,17
1280,22,0,1,1.0,0.9565217391304348,0.9777777777777777,0.26330137252807617,22,23
1290,19,0,1,1.0,0.95,0.9743589743589743,0.2141275405883789,19,20
1300,24,0,1,1.0,0.96,0.9795918367346939,0.3055567741394043,24,25
1310,23,0,1,1.0,0.9583333333333334,0.9787234042553191,0.3145461082458496,23,24
1320,25,0,1,1.0,0.9615384615384616,0.9803921568627451,0.3392038345336914,25,26
1330,27,0,1,1.0,0.9642857142857143,0.9818181818181818,0.3742678165435791,27,28
1340,22,0,1,1.0,0.9565217391304348,0.9777777777777777,0.2722651958465576,22,23
1350,22,0,1,1.0,0.9565217391304348,0.9777777777777777,0.24926471710205078,22,23
1360,18,0,1,1.0,0.9473684210526315,0.972972972972973,0.20595836639404297,18,19
1370,15,0,1,1.0,0.9375,0.967741935483871,0.1965649127960205,15,16
1380,13,0,1,1.0,0.9285714285714286,0.962962962962963,0.16597890853881836,13,14
1390,16,0,1,1.0,0.9411764705882353,0.9696969696969697,0.2570188045501709,16,17
1400,16,0,1,1.0,0.9411764705882353,0.9696969696969697,0.2649061679840088,16,17
1410,17,0,1,1.0,0.9444444444444444,0.9714285714285714,0.2681996822357178,17,18
1420,15,0,1,1.0,0.9375,0.967741935483871,0.3585493564605713,15,16
1430,15,0,1,1.0,0.9375,0.967741935483871,0.2165207862854004,15,16
1440,14,0,1,1.0,0.9333333333333333,0.9655172413793104,0.1922597885131836,14,15
1450,14,0,1,1.0,0.9333333333333333,0.9655172413793104,0.20975518226623535,14,15
1460,17,0,1,1.0,0.9444444444444444,0.9714285714285714,0.30072450637817383,17,18
1470,14,0,1,1.0,0.9333333333333333,0.9655172413793104,0.2036733627319336,14,15
1480,15,0,1,1.0,0.9375,0.967741935483871,0.21164250373840332,15,16
1490,14,0,1,1.0,0.9333333333333333,0.9655172413793104,0.283949613571167,14,15
1500,16,0,1,1.0,0.9411764705882353,0.9696969696969697,0.2595374584197998,16,17
1510,16,0,1,1.0,0.9411764705882353,0.9696969696969697,0.2933177947998047,16,17
1520,18,0,1,1.0,0.9473684210526315,0.972972972972973,0.3520679473876953,18,19
1530,18,0,1,1.0,0.9473684210526315,0.972972972972973,0.37253808975219727,18,19
1540,19,0,1,1.0,0.95,0.9743589743589743,0.3143007755279541,19,20
1550,17,0,1,1.0,0.9444444444444444,0.9714285714285714,0.411151647567749,17,18
1560,16,0,1,1.0,0.9411764705882353,0.9696969696969697,0.30498743057250977,16,17
1570,19,0,0,1.0,1.0,1.0,0.32023048400878906,19,19
1580,20,0,0,1.0,1.0,1.0,0.21392154693603516,20,20
1590,22,0,1,1.0,0.9565217391304348,0.9777777777777777,0.24339580535888672,22,23
1600,21,0,1,1.0,0.9545454545454546,0.9767441860465117,0.2667968273162842,21,22
1610,21,0,1,1.0,0.9545454545454546,0.9767441860465117,0.2674715518951416,21,22
1620,21,0,1,1.0,0.9545454545454546,0.9767441860465117,0.22709965705871582,21,22
1630,19,0,2,1.0,0.9047619047619048,0.9500000000000001,0.17617273330688477,19,21
1640,20,0,2,1.0,0.9090909090909091,0.9523809523809523,0.18593764305114746,20,22
1650,21,0,2,1.0,0.9130434782608695,0.9545454545454545,0.20630455017089844,21,23
1660,21,0,1,1.0,0.9545454545454546,0.9767441860465117,0.18314862251281738,21,22
1670,20,0,1,1.0,0.9523809523809523,0.975609756097561,0.18973636627197266,20,21
1680,18,0,1,1.0,0.9473684210526315,0.972972972972973,0.15693449974060059,18,19
1690,19,0,1,1.0,0.95,0.9743589743589743,0.17892241477966309,19,20
1700,16,0,1,1.0,0.9411764705882353,0.9696969696969697,0.13996386528015137,16,17
1710,17,0,1,1.0,0.9444444444444444,0.9714285714285714,0.16180801391601562,17,18
1720,15,0,1,1.0,0.9375,0.967741935483871,0.155487060546875,15,16
1730,18,0,1,1.0,0.9473684210526315,0.972972972972973,0.2078237533569336,18,19
1740,18,0,1,1.0,0.9473684210526315,0.972972972972973,0.2172536849975586,18,19
1750,15,0,1,1.0,0.9375,0.967741935483871,0.1750938892364502,15,16
1760,14,0,1,1.0,0.9333333333333333,0.9655172413793104,0.16217803955078125,14,15
1770,13,0,1,1.0,0.9285714285714286,0.962962962962963,0.15742897987365723,13,14
1780,17,0,2,1.0,0.8947368421052632,0.9444444444444444,0.19386005401611328,17,19
1790,17,0,2,1.0,0.8947368421052632,0.9444444444444444,0.19670772552490234,17,19
1800,22,0,2,1.0,0.9166666666666666,0.9565217391304348,0.24097561836242676,22,24
1810,21,0,2,1.0,0.9130434782608695,0.9545454545454545,0.19973516464233398,21,23
1820,21,0,2,1.0,0.9130434782608695,0.9545454545454545,0.20684051513671875,21,23
1830,18,0,2,1.0,0.9,0.9473684210526316,0.17161226272583008,18,20
1840,18,0,2,1.0,0.9,0.9473684210526316,0.17925477027893066,18,20
1850,19,0,2,1.0,0.9047619047619048,0.9500000000000001,0.1716926097869873,19,21
1860,20,0,2,1.0,0.9090909090909091,0.9523809523809523,0.18922781944274902,20,22
1870,19,0,2,1.0,0.9047619047619048,0.9500000000000001,0.20095324516296387,19,21
1880,19,0,2,1.0,0.9047619047619048,0.9500000000000001,0.21828722953796387,19,21
1890,19,0,2,1.0,0.9047619047619048,0.9500000000000001,0.18418526649475098,19,21
1900,16,0,2,1.0,0.8888888888888888,0.9411764705882353,0.1542680263519287,16,18
1910,18,0,2,1.0,0.9,0.9473684210526316,0.20596981048583984,18,20
1920,19,0,2,1.0,0.9047619047619048,0.9500000000000001,0.2750837802886963,19,21
1930,23,0,2,1.0,0.92,0.9583333333333334,0.20753216743469238,23,25
1940,24,0,2,1.0,0.9230769230769231,0.9600000000000001,0.2379598617553711,24,26
1950,22,0,2,1.0,0.9166666666666666,0.9565217391304348,0.2198469638824463,22,24
1960,20,0,2,1.0,0.9090909090909091,0.9523809523809523,0.2209928035736084,20,22
1970,19,0,2,1.0,0.9047619047619048,0.9500000000000001,0.19464945793151855,19,21
1980,19,0,2,1.0,0.9047619047619048,0.9500000000000001,0.20036077499389648,19,21
1990,19,0,2,1.0,0.9047619047619048,0.9500000000000001,0.21095943450927734,19,21
2000,19,0,2,1.0,0.9047619047619048,0.9500000000000001,0.1920909881591797,19,21
2010,18,0,2,1.0,0.9,0.9473684210526316,0.15826010704040527,18,20
2020,18,0,2,1.0,0.9,0.9473684210526316,0.153916597366333,18,20
2030,19,0,2,1.0,0.9047619047619048,0.9500000000000001,0.16001033782958984,19,21
2040,19,0,2,1.0,0.9047619047619048,0.9500000000000001,0.1612098217010498,19,21
2050,18,0,2,1.0,0.9,0.9473684210526316,0.16039395332336426,18,20
2060,17,0,2,1.0,0.8947368421052632,0.9444444444444444,0.1445319652557373,17,19
2070,17,0,2,1.0,0.8947368421052632,0.9444444444444444,0.1458427906036377,17,19
2080,15,0,2,1.0,0.8823529411764706,0.9375,0.12989401817321777,15,17
2090,15,0,2,1.0,0.8823529411764706,0.9375,0.12915515899658203,15,17
2100,13,0,2,1.0,0.8666666666666667,0.9285714285714286,0.11539769172668457,13,15
2110,13,0,1,1.0,0.9285714285714286,0.962962962962963,0.11415863037109375,13,14
2120,14,0,1,1.0,0.9333333333333333,0.9655172413793104,0.12377333641052246,14,15
2130,14,0,0,1.0,1.0,1.0,0.12348604202270508,14,14
2140,14,0,0,1.0,1.0,1.0,0.12675905227661133,14,14
2150,14,0,0,1.0,1.0,1.0,0.1363234519958496,14,14
2160,14,0,0,1.0,1.0,1.0,0.15391302108764648,14,14
2170,18,0,1,1.0,0.9473684210526315,0.972972972972973,0.17850184440612793,18,19
2180,25,0,1,1.0,0.9615384615384616,0.9803921568627451,0.21875715255737305,25,26
2190,23,0,1,1.0,0.9583333333333334,0.9787234042553191,0.1981503963470459,23,24
2200,27,0,1,1.0,0.9642857142857143,0.9818181818181818,0.23624300956726074,27,28
2210,24,0,1,1.0,0.96,0.9795918367346939,0.1991863250732422,24,25
2220,25,0,2,1.0,0.9259259259259259,0.9615384615384615,0.21541619300842285,25,27
2230,33,0,1,1.0,0.9705882352941176,0.9850746268656716,0.27083396911621094,33,34
2240,33,0,2,1.0,0.9428571428571428,0.9705882352941176,0.262282133102417,33,35
2250,33,0,1,1.0,0.9705882352941176,0.9850746268656716,0.26749420166015625,33,34
2260,34,0,1,1.0,0.9714285714285714,0.9855072463768115,0.29471278190612793,34,35
2270,27,0,0,1.0,1.0,1.0,0.2681560516357422,27,27
2280,20,0,0,1.0,1.0,1.0,0.1790313720703125,20,20
2290,24,0,1,1.0,0.96,0.9795918367346939,0.19752931594848633,24,25
2300,23,0,1,1.0,0.9583333333333334,0.9787234042553191,0.18637990951538086,23,24
2310,22,0,1,1.0,0.9565217391304348,0.9777777777777777,0.18587899208068848,22,23
2320,21,0,1,1.0,0.9545454545454546,0.9767441860465117,0.17411041259765625,21,22
2330,20,0,1,1.0,0.9523809523809523,0.975609756097561,0.16890811920166016,20,21
2340,21,0,1,1.0,0.9545454545454546,0.9767441860465117,0.17294645309448242,21,22
2350,24,0,2,1.0,0.9230769230769231,0.9600000000000001,0.19867897033691406,24,26
2360,23,0,2,1.0,0.92,0.9583333333333334,0.18938875198364258,23,25
2370,23,0,2,1.0,0.92,0.9583333333333334,0.19544625282287598,23,25
2380,21,0,2,1.0,0.9130434782608695,0.9545454545454545,0.18346309661865234,21,23
2390,18,0,2,1.0,0.9,0.9473684210526316,0.13620758056640625,18,20
2400,21,0,2,1.0,0.9130434782608695,0.9545454545454545,0.1478579044342041,21,23
2410,19,0,2,1.0,0.9047619047619048,0.9500000000000001,0.14259791374206543,19,21
2420,18,0,2,1.0,0.9,0.9473684210526316,0.11958670616149902,18,20
2430,19,0,2,1.0,0.9047619047619048,0.9500000000000001,0.1269547939300537,19,21
2440,17,0,1,1.0,0.9444444444444444,0.9714285714285714,0.11345744132995605,17,18
2450,16,0,1,1.0,0.9411764705882353,0.9696969696969697,0.10643291473388672,16,17
2460,15,0,1,1.0,0.9375,0.967741935483871,0.1003110408782959,15,16
2470,14,0,1,1.0,0.9333333333333333,0.9655172413793104,0.09511947631835938,14,15
2480,16,0,1,1.0,0.9411764705882353,0.9696969696969697,0.1081092357635498,16,17
2490,17,0,1,1.0,0.9444444444444444,0.9714285714285714,0.11564373970031738,17,18
2500,17,0,1,1.0,0.9444444444444444,0.9714285714285714,0.11388134956359863,17,18
2510,17,0,1,1.0,0.9444444444444444,0.9714285714285714,0.11566042900085449,17,18
2520,19,0,1,1.0,0.95,0.9743589743589743,0.12444186210632324,19,20
2530,18,0,1,1.0,0.9473684210526315,0.972972972972973,0.12046432495117188,18,19
2540,17,0,2,1.0,0.8947368421052632,0.9444444444444444,0.11537694931030273,17,19
2550,18,0,2,1.0,0.9,0.9473684210526316,0.12111878395080566,18,20
2560,18,0,1,1.0,0.9473684210526315,0.972972972972973,0.11973309516906738,18,19
2570,19,0,1,1.0,0.95,0.9743589743589743,0.12752175331115723,19,20
2580,18,0,1,1.0,0.9473684210526315,0.972972972972973,0.12107110023498535,18,19
2590,18,0,1,1.0,0.9473684210526315,0.972972972972973,0.14275479316711426,18,19
2600,17,0,1,1.0,0.9444444444444444,0.9714285714285714,0.12968230247497559,17,18
2610,18,0,1,1.0,0.9473684210526315,0.972972972972973,0.13764452934265137,18,19
2620,17,0,1,1.0,0.9444444444444444,0.9714285714285714,0.11604833602905273,17,18
2630,17,0,1,1.0,0.9444444444444444,0.9714285714285714,0.11611175537109375,17,18
2640,20,0,1,1.0,0.9523809523809523,0.975609756097561,0.13824820518493652,20,21
2650,18,0,2,1.0,0.9,0.9473684210526316,0.12106609344482422,18,20
2660,18,0,1,1.0,0.9473684210526315,0.972972972972973,0.12388086318969727,18,19
2670,16,0,2,1.0,0.8888888888888888,0.9411764705882353,0.11203646659851074,16,18
2680,16,0,2,1.0,0.8888888888888888,0.9411764705882353,0.1104421615600586,16,18
2690,15,0,2,1.0,0.8823529411764706,0.9375,0.10451507568359375,15,17
2700,16,0,2,1.0,0.8888888888888888,0.9411764705882353,0.11049294471740723,16,18
2710,24,0,2,1.0,0.9230769230769231,0.9600000000000001,0.16167712211608887,24,26
2720,22,0,2,1.0,0.9166666666666666,0.9565217391304348,0.14391231536865234,22,24
2730,22,0,2,1.0,0.9166666666666666,0.9565217391304348,0.14945721626281738,22,24
2740,18,0,1,1.0,0.9473684210526315,0.972972972972973,0.1228024959564209,18,19
2750,18,0,2,1.0,0.9,0.9473684210526316,0.12467217445373535,18,20
2760,17,0,1,1.0,0.9444444444444444,0.9714285714285714,0.11883258819580078,17,18
2770,19,0,1,1.0,0.95,0.9743589743589743,0.13868141174316406,19,20
2780,18,0,1,1.0,0.9473684210526315,0.972972972972973,0.1477642059326172,18,19
2790,20,0,1,1.0,0.9523809523809523,0.975609756097561,0.15233397483825684,20,21
2800,21,0,2,1.0,0.9130434782608695,0.9545454545454545,0.14870309829711914,21,23
2810,15,0,2,1.0,0.8823529411764706,0.9375,0.10860300064086914,15,17
2820,15,0,2,1.0,0.8823529411764706,0.9375,0.10688614845275879,15,17
2830,15,0,2,1.0,0.8823529411764706,0.9375,0.10381960868835449,15,17
2840,15,0,2,1.0,0.8823529411764706,0.9375,0.11422276496887207,15,17
2850,18,0,2,1.0,0.9,0.9473684210526316,0.12703227996826172,18,20
2860,21,0,2,1.0,0.9130434782608695,0.9545454545454545,0.1448664665222168,21,23
2870,21,0,2,1.0,0.9130434782608695,0.9545454545454545,0.1444869041442871,21,23
2880,21,0,2,1.0,0.9130434782608695,0.9545454545454545,0.14151716232299805,21,23
2890,19,0,1,1.0,0.95,0.9743589743589743,0.13857102394104004,19,20
2900,19,0,2,1.0,0.9047619047619048,0.9500000000000001,0.13061833381652832,19,21
2910,20,0,2,1.0,0.9090909090909091,0.9523809523809523,0.13919544219970703,20,22
2920,22,0,2,1.0,0.9166666666666666,0.9565217391304348,0.1517319679260254,22,24
2930,21,0,2,1.0,0.9130434782608695,0.9545454545454545,0.15308785438537598,21,23
2940,23,0,2,1.0,0.92,0.9583333333333334,0.17415070533752441,23,25
2950,18,0,2,1.0,0.9,0.9473684210526316,0.17279982566833496,18,20
2960,20,0,2,1.0,0.9090909090909091,0.9523809523809523,0.1869196891784668,20,22
2970,21,0,2,1.0,0.9130434782608695,0.9545454545454545,0.1813521385192871,21,23
2980,21,0,2,1.0,0.9130434782608695,0.9545454545454545,0.18523740768432617,21,23
2990,19,0,2,1.0,0.9047619047619048,0.9500000000000001,0.1706082820892334,19,21
3000,23,0,2,1.0,0.92,0.9583333333333334,0.19899773597717285,23,25
3010,22,0,2,1.0,0.9166666666666666,0.9565217391304348,0.18794465065002441,22,24
3020,21,0,2,1.0,0.9130434782608695,0.9545454545454545,0.18920016288757324,21,23
3030,19,0,2,1.0,0.9047619047619048,0.9500000000000001,0.16906046867370605,19,21
3040,19,0,2,1.0,0.9047619047619048,0.9500000000000001,0.16762042045593262,19,21
3050,20,0,2,1.0,0.9090909090909091,0.9523809523809523,0.17403912544250488,20,22
3060,21,0,2,1.0,0.9130434782608695,0.9545454545454545,0.17474675178527832,21,23
3070,21,0,2,1.0,0.9130434782608695,0.9545454545454545,0.18550348281860352,21,23
3080,19,0,2,1.0,0.9047619047619048,0.9500000000000001,0.18139314651489258,19,21
3090,20,0,2,1.0,0.9090909090909091,0.9523809523809523,0.20106053352355957,20,22
3100,15,0,2,1.0,0.8823529411764706,0.9375,0.15746164321899414,15,17
3110,16,0,2,1.0,0.8888888888888888,0.9411764705882353,0.1483750343322754,16,18
3120,18,0,2,1.0,0.9,0.9473684210526316,0.16938447952270508,18,20
3130,18,0,2,1.0,0.9,0.9473684210526316,0.16085219383239746,18,20
3140,13,0,2,1.0,0.8666666666666667,0.9285714285714286,0.11813521385192871,13,15
3150,15,0,2,1.0,0.8823529411764706,0.9375,0.13640594482421875,15,17
3160,14,0,2,1.0,0.875,0.9333333333333333,0.12809991836547852,14,16
3170,16,0,2,1.0,0.8888888888888888,0.9411764705882353,0.14663195610046387,16,18
3180,13,0,2,1.0,0.8666666666666667,0.9285714285714286,0.11955761909484863,13,15
3190,13,0,2,1.0,0.8666666666666667,0.9285714285714286,0.11585569381713867,13,15
3200,12,0,2,1.0,0.8571428571428571,0.923076923076923,0.11460638046264648,12,14
3210,11,0,2,1.0,0.8461538461538461,0.9166666666666666,0.10139107704162598,11,13
3220,13,0,2,1.0,0.8666666666666667,0.9285714285714286,0.12260270118713379,13,15
3230,12,0,2,1.0,0.8571428571428571,0.923076923076923,0.11231112480163574,12,14
3240,14,0,2,1.0,0.875,0.9333333333333333,0.1291964054107666,14,16
3250,14,0,2,1.0,0.875,0.9333333333333333,0.12839508056640625,14,16
3260,17,0,2,1.0,0.8947368421052632,0.9444444444444444,0.16953516006469727,17,19
3270,16,0,2,1.0,0.8888888888888888,0.9411764705882353,0.17760658264160156,16,18
3280,14,0,2,1.0,0.875,0.9333333333333333,0.14552831649780273,14,16
3290,19,0,2,1.0,0.9047619047619048,0.9500000000000001,0.1819310188293457,19,21
3300,21,0,2,1.0,0.9130434782608695,0.9545454545454545,0.1926424503326416,21,23
3310,23,0,2,1.0,0.92,0.9583333333333334,0.21713042259216309,23,25
3320,20,0,2,1.0,0.9090909090909091,0.9523809523809523,0.19200730323791504,20,22
3330,23,0,2,1.0,0.92,0.9583333333333334,0.22495722770690918,23,25
3340,25,0,2,1.0,0.9259259259259259,0.9615384615384615,0.2322378158569336,25,27
3350,26,0,2,1.0,0.9285714285714286,0.962962962962963,0.23931598663330078,26,28
3360,26,0,2,1.0,0.9285714285714286,0.962962962962963,0.4362905025482178,26,28
3370,25,0,2,1.0,0.9259259259259259,0.9615384615384615,0.31404948234558105,25,27
3380,28,0,1,1.0,0.9655172413793104,0.9824561403508771,0.2981142997741699,28,29
3390,26,0,1,1.0,0.9629629629629629,0.9811320754716981,0.26897501945495605,26,27
3400,23,0,2,1.0,0.92,0.9583333333333334,0.2425997257232666,23,25
3410,22,0,2,1.0,0.9166666666666666,0.9565217391304348,0.22708487510681152,22,24
3420,24,0,2,1.0,0.9230769230769231,0.9600000000000001,0.2663419246673584,24,26
3430,19,0,1,1.0,0.95,0.9743589743589743,0.19251632690429688,19,20
3440,15,0,1,1.0,0.9375,0.967741935483871,0.16693115234375,15,16
3450,15,0,1,1.0,0.9375,0.967741935483871,0.1905076503753662,15,16
3460,18,0,2,1.0,0.9,0.9473684210526316,0.17730951309204102,18,20
3470,19,0,2,1.0,0.9047619047619048,0.9500000000000001,0.2833831310272217,19,21
3480,16,0,2,1.0,0.8888888888888888,0.9411764705882353,0.19229364395141602,16,18
3490,16,0,2,1.0,0.8888888888888888,0.9411764705882353,0.2023320198059082,16,18
3500,18,0,2,1.0,0.9,0.9473684210526316,0.18846344947814941,18,20
3510,18,0,1,1.0,0.9473684210526315,0.972972972972973,0.17596888542175293,18,19
3520,16,0,1,1.0,0.9411764705882353,0.9696969696969697,0.1720719337463379,16,17
3530,18,0,1,1.0,0.9473684210526315,0.972972972972973,0.16536593437194824,18,19
3540,18,0,1,1.0,0.9473684210526315,0.972972972972973,0.2975916862487793,18,19
3550,22,0,1,1.0,0.9565217391304348,0.9777777777777777,0.3394341468811035,22,23
3560,22,0,1,1.0,0.9565217391304348,0.9777777777777777,0.28823208808898926,22,23
3570,21,0,1,1.0,0.9545454545454546,0.9767441860465117,0.2752666473388672,21,22
3580,21,0,2,1.0,0.9130434782608695,0.9545454545454545,0.3513057231903076,21,23
3590,21,0,2,1.0,0.9130434782608695,0.9545454545454545,0.36029887199401855,21,23
3600,20,0,2,1.0,0.9090909090909091,0.9523809523809523,0.42533326148986816,20,22
3610,20,0,2,1.0,0.9090909090909091,0.9523809523809523,0.2769458293914795,20,22
3620,16,0,2,1.0,0.8888888888888888,0.9411764705882353,0.18784117698669434,16,18
3630,17,0,2,1.0,0.8947368421052632,0.9444444444444444,0.21548914909362793,17,19
3640,16,0,2,1.0,0.8888888888888888,0.9411764705882353,0.22367143630981445,16,18
3650,18,0,1,1.0,0.9473684210526315,0.972972972972973,0.29073262214660645,18,19
3660,14,0,1,1.0,0.9333333333333333,0.9655172413793104,0.23313665390014648,14,15
3670,13,0,1,1.0,0.9285714285714286,0.962962962962963,0.19666194915771484,13,14
3680,12,0,1,1.0,0.9230769230769231,0.9600000000000001,0.4679901599884033,12,13
3690,15,0,1,1.0,0.9375,0.967741935483871,0.24911880493164062,15,16
3700,12,0,1,1.0,0.9230769230769231,0.9600000000000001,0.24404191970825195,12,13
3710,14,0,1,1.0,0.9333333333333333,0.9655172413793104,0.19185900688171387,14,15
3720,14,0,1,1.0,0.9333333333333333,0.9655172413793104,0.198960542678833,14,15
3730,12,0,2,1.0,0.8571428571428571,0.923076923076923,0.18094420433044434,12,14
3740,12,0,1,1.0,0.9230769230769231,0.9600000000000001,0.1810619831085205,12,13
3750,13,0,1,1.0,0.9285714285714286,0.962962962962963,0.1493067741394043,13,14
3760,14,0,1,1.0,0.9333333333333333,0.9655172413793104,0.22969985008239746,14,15
3770,15,0,1,1.0,0.9375,0.967741935483871,0.20021867752075195,15,16
3780,18,0,2,1.0,0.9,0.9473684210526316,0.26150059700012207,18,20
3790,31,0,2,1.0,0.9393939393939394,0.96875,0.514453649520874,31,33
3800,34,0,2,1.0,0.9444444444444444,0.9714285714285714,0.545795202255249,34,36
3810,35,0,2,1.0,0.9459459459459459,0.9722222222222222,0.39083385467529297,35,37
3820,39,0,2,1.0,0.9512195121951219,0.975,0.6407339572906494,39,41
3830,35,0,2,1.0,0.9459459459459459,0.9722222222222222,0.6400609016418457,35,37
3840,38,0,2,1.0,0.95,0.9743589743589743,0.6744956970214844,38,40
3850,37,0,2,1.0,0.9487179487179487,0.9736842105263158,0.6649999618530273,37,39
3860,37,0,2,1.0,0.9487179487179487,0.9736842105263158,0.38451313972473145,37,39
3870,40,0,2,1.0,0.9523809523809523,0.975609756097561,0.4570136070251465,40,42
3880,34,0,2,1.0,0.9444444444444444,0.9714285714285714,0.32833075523376465,34,36
3890,28,0,2,1.0,0.9333333333333333,0.9655172413793104,0.40015506744384766,28,30
3900,26,0,2,1.0,0.9285714285714286,0.962962962962963,0.6895687580108643,26,28
3910,23,0,2,1.0,0.92,0.9583333333333334,0.4705464839935303,23,25
3920,18,0,2,1.0,0.9,0.9473684210526316,0.22552251815795898,18,20
3930,21,0,2,1.0,0.9130434782608695,0.9545454545454545,0.28769803047180176,21,23
3940,14,0,1,1.0,0.9333333333333333,0.9655172413793104,0.18218302726745605,14,15
3950,18,0,1,1.0,0.9473684210526315,0.972972972972973,0.30057549476623535,18,19
3960,20,0,1,1.0,0.9523809523809523,0.975609756097561,0.2467057704925537,20,21
3970,15,0,2,1.0,0.8823529411764706,0.9375,0.17745351791381836,15,17
3980,15,0,2,1.0,0.8823529411764706,0.9375,0.21880245208740234,15,17
3990,15,0,2,1.0,0.8823529411764706,0.9375,0.4115879535675049,15,17
4000,16,0,1,1.0,0.9411764705882353,0.9696969696969697,0.27802181243896484,16,17
4010,18,0,1,1.0,0.9473684210526315,0.972972972972973,0.24731183052062988,18,19
4020,17,0,1,1.0,0.9444444444444444,0.9714285714285714,0.21178960800170898,17,18
4030,19,0,1,1.0,0.95,0.9743589743589743,0.2638540267944336,19,20
4040,18,0,1,1.0,0.9473684210526315,0.972972972972973,0.18895220756530762,18,19
4050,18,0,2,1.0,0.9,0.9473684210526316,0.3042111396789551,18,20
4060,17,0,2,1.0,0.8947368421052632,0.9444444444444444,0.1884167194366455,17,19
4070,21,0,2,1.0,0.9130434782608695,0.9545454545454545,0.26539158821105957,21,23
4080,21,0,2,1.0,0.9130434782608695,0.9545454545454545,0.22260165214538574,21,23
4090,22,0,2,1.0,0.9166666666666666,0.9565217391304348,0.38446998596191406,22,24
4100,23,0,2,1.0,0.92,0.9583333333333334,0.4611656665802002,23,25
4110,23,0,2,1.0,0.92,0.9583333333333334,0.26032352447509766,23,25
4120,21,0,2,1.0,0.9130434782608695,0.9545454545454545,0.2348775863647461,21,23
4130,18,0,2,1.0,0.9,0.9473684210526316,0.2719545364379883,18,20
4140,21,0,2,1.0,0.9130434782608695,0.9545454545454545,0.42240381240844727,21,23
4150,19,0,2,1.0,0.9047619047619048,0.9500000000000001,0.30843186378479004,19,21
4160,18,0,1,1.0,0.9473684210526315,0.972972972972973,0.18968963623046875,18,19
4170,14,0,1,1.0,0.9333333333333333,0.9655172413793104,0.1570756435394287,14,15
4180,15,0,1,1.0,0.9375,0.967741935483871,0.16986823081970215,15,16
4190,14,0,1,1.0,0.9333333333333333,0.9655172413793104,0.1594071388244629,14,15
4200,13,0,1,1.0,0.9285714285714286,0.962962962962963,0.1814136505126953,13,14
4210,13,0,0,1.0,1.0,1.0,0.14298439025878906,13,13
4220,14,0,1,1.0,0.9333333333333333,0.9655172413793104,0.18078875541687012,14,15
4230,14,0,0,1.0,1.0,1.0,0.18756556510925293,14,14
4240,16,0,1,1.0,0.9411764705882353,0.9696969696969697,0.21747660636901855,16,17
4250,15,0,2,1.0,0.8823529411764706,0.9375,0.18493342399597168,15,17
4260,15,0,2,1.0,0.8823529411764706,0.9375,0.17867612838745117,15,17
4270,17,0,2,1.0,0.8947368421052632,0.9444444444444444,0.25658178329467773,17,19
4280,15,0,2,1.0,0.8823529411764706,0.9375,0.23140645027160645,15,17
4290,15,0,2,1.0,0.8823529411764706,0.9375,0.19529008865356445,15,17
4300,18,0,2,1.0,0.9,0.9473684210526316,0.23041319847106934,18,20
4310,17,0,2,1.0,0.8947368421052632,0.9444444444444444,0.18964576721191406,17,19
4320,15,0,2,1.0,0.8823529411764706,0.9375,0.4308738708496094,15,17
4330,18,0,2,1.0,0.9,0.9473684210526316,0.2685418128967285,18,20
4340,19,0,1,1.0,0.95,0.9743589743589743,0.27157020568847656,19,20
4350,15,0,1,1.0,0.9375,0.967741935483871,0.20213913917541504,15,16
4360,20,0,1,1.0,0.9523809523809523,0.975609756097561,0.23321294784545898,20,21
4370,19,0,1,1.0,0.95,0.9743589743589743,0.20239806175231934,19,20
4380,22,0,1,1.0,0.9565217391304348,0.9777777777777777,0.2666051387786865,22,23
4390,21,0,1,1.0,0.9545454545454546,0.9767441860465117,0.2553670406341553,21,22
4400,22,0,2,1.0,0.9166666666666666,0.9565217391304348,0.26183199882507324,22,24
4410,21,0,2,1.0,0.9130434782608695,0.9545454545454545,0.1913290023803711,21,23
4420,22,0,1,1.0,0.9565217391304348,0.9777777777777777,0.20554709434509277,22,23
4430,22,0,2,1.0,0.9166666666666666,0.9565217391304348,0.21147370338439941,22,24
4440,20,0,2,1.0,0.9090909090909091,0.9523809523809523,0.19481253623962402,20,22
4450,22,0,2,1.0,0.9166666666666666,0.9565217391304348,0.20585083961486816,22,24
4460,20,0,2,1.0,0.9090909090909091,0.9523809523809523,0.1902937889099121,20,22
4470,19,0,2,1.0,0.9047619047619048,0.9500000000000001,0.19646644592285156,19,21
4480,14,0,2,1.0,0.875,0.9333333333333333,0.13433504104614258,14,16
4490,15,0,2,1.0,0.8823529411764706,0.9375,0.14487290382385254,15,17
4500,14,0,1,1.0,0.9333333333333333,0.9655172413793104,0.13321614265441895,14,15
4510,18,0,2,1.0,0.9,0.9473684210526316,0.16667819023132324,18,20
4520,19,0,2,1.0,0.9047619047619048,0.9500000000000001,0.18315505981445312,19,21
4530,17,0,2,1.0,0.8947368421052632,0.9444444444444444,0.18219828605651855,17,19
4540,16,0,2,1.0,0.8888888888888888,0.9411764705882353,0.1561291217803955,16,18
4550,11,0,2,1.0,0.8461538461538461,0.9166666666666666,0.1097867488861084,11,13
4560,13,0,2,1.0,0.8666666666666667,0.9285714285714286,0.16507506370544434,13,15
4570,15,0,2,1.0,0.8823529411764706,0.9375,0.21133923530578613,15,17
4580,13,0,1,1.0,0.9285714285714286,0.962962962962963,0.17343616485595703,13,14
4590,16,0,2,1.0,0.8888888888888888,0.9411764705882353,0.19340085983276367,16,18
4600,22,0,2,1.0,0.9166666666666666,0.9565217391304348,0.22359776496887207,22,24
4610,17,0,2,1.0,0.8947368421052632,0.9444444444444444,0.1760411262512207,17,19
4620,15,0,2,1.0,0.8823529411764706,0.9375,0.16463160514831543,15,17
4630,18,0,2,1.0,0.9,0.9473684210526316,0.2012784481048584,18,20
4640,19,0,2,1.0,0.9047619047619048,0.9500000000000001,0.1812441349029541,19,21
4650,18,0,2,1.0,0.9,0.9473684210526316,0.1819477081298828,18,20
4660,20,0,2,1.0,0.9090909090909091,0.9523809523809523,0.19396471977233887,20,22
4670,20,0,2,1.0,0.9090909090909091,0.9523809523809523,0.1937398910522461,20,22
4680,18,0,2,1.0,0.9,0.9473684210526316,0.16675376892089844,18,20
4690,20,0,2,1.0,0.9090909090909091,0.9523809523809523,0.177781343460083,20,22
4700,15,0,2,1.0,0.8823529411764706,0.9375,0.1380176544189453,15,17
4710,19,0,2,1.0,0.9047619047619048,0.9500000000000001,0.22260761260986328,19,21
4720,22,0,2,1.0,0.9166666666666666,0.9565217391304348,0.24088501930236816,22,24
4730,21,0,2,1.0,0.9130434782608695,0.9545454545454545,0.20019960403442383,21,23
4740,21,0,2,1.0,0.9130434782608695,0.9545454545454545,0.20970678329467773,21,23
4750,22,0,2,1.0,0.9166666666666666,0.9565217391304348,0.21292543411254883,22,24
4760,22,0,2,1.0,0.9166666666666666,0.9565217391304348,0.22299766540527344,22,24
4770,25,0,2,1.0,0.9259259259259259,0.9615384615384615,0.22846007347106934,25,27
4780,30,0,1,1.0,0.967741935483871,0.9836065573770492,0.29689741134643555,30,31
4790,24,0,1,1.0,0.96,0.9795918367346939,0.2290492057800293,24,25
4800,25,0,2,1.0,0.9259259259259259,0.9615384615384615,0.31676292419433594,25,27
4810,20,0,2,1.0,0.9090909090909091,0.9523809523809523,0.22096037864685059,20,22
4820,25,0,2,1.0,0.9259259259259259,0.9615384615384615,0.27066612243652344,25,27
4830,24,0,2,1.0,0.9230769230769231,0.9600000000000001,0.21509146690368652,24,26
4840,27,0,2,1.0,0.9310344827586207,0.9642857142857143,0.25779151916503906,27,29
4850,22,0,2,1.0,0.9166666666666666,0.9565217391304348,0.19923949241638184,22,24
4860,24,0,2,1.0,0.9230769230769231,0.9600000000000001,0.22469878196716309,24,26
4870,23,0,2,1.0,0.92,0.9583333333333334,0.22912025451660156,23,25
4880,20,0,2,1.0,0.9090909090909091,0.9523809523809523,0.18865036964416504,20,22
4890,22,0,2,1.0,0.9166666666666666,0.9565217391304348,0.22368216514587402,22,24
4900,19,0,2,1.0,0.9047619047619048,0.9500000000000001,0.18823766708374023,19,21
4910,19,0,2,1.0,0.9047619047619048,0.9500000000000001,0.18765735626220703,19,21
4920,18,0,2,1.0,0.9,0.9473684210526316,0.18616867065429688,18,20
4930,23,0,2,1.0,0.92,0.9583333333333334,0.2342231273651123,23,25
4940,20,0,2,1.0,0.9090909090909091,0.9523809523809523,0.21691012382507324,20,22
4950,26,0,2,1.0,0.9285714285714286,0.962962962962963,0.24139022827148438,26,28
4960,22,0,2,1.0,0.9166666666666666,0.9565217391304348,0.1982114315032959,22,24
4970,34,0,2,1.0,0.9444444444444444,0.9714285714285714,0.301694393157959,34,36
4980,34,0,2,1.0,0.9444444444444444,0.9714285714285714,0.2998335361480713,34,36
4990,52,0,2,1.0,0.9629629629629629,0.9811320754716981,0.4257385730743408,52,54
